category,sub_category,product_name,image_url
ファッション,メンズファッション,Tシャツ,https://images.unsplash.com/photo-1521572163474-6864f9cf17ab?auto=format&fit=crop&w=800&q=80
ファッション,メンズファッション,シャツ,https://images.unsplash.com/photo-1596755094514-f87e34085b2c?auto=format&fit=crop&w=800&q=80
ファッション,メンズファッション,ジャケット,https://images.unsplash.com/photo-1487222477894-8943e31ef7b2?auto=format&fit=crop&w=800&q=80
ファッション,メンズファッション,パンツ,https://images.unsplash.com/photo-1473966968600-fa801b869a1a?auto=format&fit=crop&w=800&q=80
ファッション,メンズファッション,タンクトップ,https://images.unsplash.com/photo-1583743814966-8936f5b7be1a?auto=format&fit=crop&w=800&q=80
ファッション,レディースファッション,Tシャツ,https://images.unsplash.com/photo-1503342394128-c104d54dba01?auto=format&fit=crop&w=800&q=80
ファッション,レディースファッション,ワンピース,https://images.unsplash.com/photo-1496747611176-843222e1e57c?auto=format&fit=crop&w=800&q=80
ファッション,レディースファッション,ジーンズ,https://images.unsplash.com/photo-1541099649105-f69ad21f3246?auto=format&fit=crop&w=800&q=80
ファッション,レディースファッション,セーター,https://images.unsplash.com/photo-1576566588028-4147f3842f27?auto=format&fit=crop&w=800&q=80
ファッション,レディースファッション,ジャケット,https://images.unsplash.com/photo-1559551409-dadc959f76b8?auto=format&fit=crop&w=800&q=80
ファッション,レディースファッション,レギンス,https://images.unsplash.com/photo-1506619216599-9d16d0903dfd?auto=format&fit=crop&w=800&q=80
ファッション,キッズファッション,Tシャツ,https://images.unsplash.com/photo-1519457431-44ccd64a579b?auto=format&fit=crop&w=800&q=80
ファッション,キッズファッション,ジャケット,https://images.unsplash.com/photo-1546552356-3fae876a61ca?auto=format&fit=crop&w=800&q=80
ファッション,キッズファッション,セーター,https://images.unsplash.com/photo-1574201635302-388dd92a4c3f?auto=format&fit=crop&w=800&q=80
ファッション,キッズファッション,シャツ,https://images.unsplash.com/photo-1622290291468-a28f7a7dc6a8?auto=format&fit=crop&w=800&q=80
ファッション,キッズファッション,パンツ,https://images.unsplash.com/photo-1514326640560-7d063ef2aed5?auto=format&fit=crop&w=800&q=80
ファッション,キッズファッション,ワンピース,https://images.unsplash.com/photo-1496664444929-8c75efb9546f?auto=format&fit=crop&w=800&q=80
ファッション,キッズファッション,カーディガン,https://images.unsplash.com/photo-1621452773781-0f992fd1f5cb?auto=format&fit=crop&w=800&q=80
ファッション,シューズ,ランニングシューズ,https://images.unsplash.com/photo-1542291026-7eec264c27ff?auto=format&fit=crop&w=800&q=80
ファッション,シューズ,スニーカー,https://images.unsplash.com/photo-1549298916-b41d501d3772?auto=format&fit=crop&w=800&q=80
ファッション,シューズ,パンプス,https://images.unsplash.com/photo-1543163521-1bf539c55dd2?auto=format&fit=crop&w=800&q=80
ファッション,シューズ,サンダル,https://images.unsplash.com/photo-1562273138-f46be4ebdf33?auto=format&fit=crop&w=800&q=80
ファッション,シューズ,ローファー,https://images.unsplash.com/photo-1614252369475-531eba835eb1?auto=format&fit=crop&w=800&q=80
ファッション,シューズ,シューズ,https://images.unsplash.com/photo-1560769629-975ec94e6a86?auto=format&fit=crop&w=800&q=80
ファッション,アクセサリー,ベルト,https://images.unsplash.com/photo-1624222247344-550fb60583dc?auto=format&fit=crop&w=800&q=80
ファッション,アクセサリー,帽子,https://images.unsplash.com/photo-1514327605112-b887c0e61c0a?auto=format&fit=crop&w=800&q=80
ファッション,アクセサリー,キャップ,https://images.unsplash.com/photo-1588850561407-ed78c282e89b?auto=format&fit=crop&w=800&q=80
ファッション,アクセサリー,ブレスレット,https://images.unsplash.com/photo-1611591437281-460bfbe1220a?auto=format&fit=crop&w=800&q=80
ファッション,アクセサリー,リング,https://images.unsplash.com/photo-1605100804763-247f67b3557e?auto=format&fit=crop&w=800&q=80
ファッション,アクセサリー,時計,https://images.unsplash.com/photo-1524592094714-0f0654e20314?auto=format&fit=crop&w=800&q=80
ファッション,アクセサリー,サングラス,https://images.unsplash.com/photo-1511499767150-a48a237f0083?auto=format&fit=crop&w=800&q=80
エレクトロニクス,スマートフォン・タブレット,iPhone 15,https://images.unsplash.com/photo-1510557880182-3d4d3cba35a5?auto=format&fit=crop&w=800&q=80
エレクトロニクス,スマートフォン・タブレット,iPhone 15 Pro,https://images.unsplash.com/photo-1696446701796-da61225697cc?auto=format&fit=crop&w=800&q=80
エレクトロニクス,スマートフォン・タブレット,iPad,https://images.unsplash.com/photo-1544244015-0df4b3ffc6b0?auto=format&fit=crop&w=800&q=80
エレクトロニクス,スマートフォン・タブレット,iPad Pro,https://images.unsplash.com/photo-1585790050230-5dd28404ccb9?auto=format&fit=crop&w=800&q=80
エレクトロニクス,スマートフォン・タブレット,Galaxy S24,https://images.unsplash.com/photo-1610945415295-d9bbf067e59c?auto=format&fit=crop&w=800&q=80
エレクトロニクス,スマートフォン・タブレット,Xperia,https://images.unsplash.com/photo-1598965402089-897ce52e8355?auto=format&fit=crop&w=800&q=80
エレクトロニクス,スマートフォン・タブレット,OnePlus,https://images.unsplash.com/photo-1565849904461-04a58ad377e0?auto=format&fit=crop&w=800&q=80
エレクトロニクス,コンピュータ,MacBook Air M3,https://images.unsplash.com/photo-1611186871348-b1ce696e52c9?auto=format&fit=crop&w=800&q=80
エレクトロニクス,コンピュータ,HP Pavilion,https://images.unsplash.com/photo-1588872657578-7efd1f1555ed?auto=format&fit=crop&w=800&q=80
エレクトロニクス,コンピュータ,Lenovo ThinkPad,https://images.unsplash.com/photo-1525547719571-a2d4ac8945e2?auto=format&fit=crop&w=800&q=80
エレクトロニクス,コンピュータ,ASUS VivoBook,https://images.unsplash.com/photo-1496181133206-80ce9b88a853?auto=format&fit=crop&w=800&q=80
エレクトロニクス,コンピュータ,MSI GS Stealth,https://images.unsplash.com/photo-1587614382346-4ec70e388b28?auto=format&fit=crop&w=800&q=80
エレクトロニクス,コンピュータ,Surface Laptop,https://images.unsplash.com/photo-1515378960530-7c0da6231fb1?auto=format&fit=crop&w=800&q=80
エレクトロニクス,コンピュータ,iMac,https://images.unsplash.com/photo-1527443224154-c4a3942d3acf?auto=format&fit=crop&w=800&q=80
エレクトロニクス,オーディオ,AirPods Pro,https://images.unsplash.com/photo-1588423771073-b8903fbb85b5?auto=format&fit=crop&w=800&q=80
エレクトロニクス,オーディオ,AirPods Max,https://images.unsplash.com/photo-1613040809024-b4ef7ba99bc3?auto=format&fit=crop&w=800&q=80
エレクトロニクス,オーディオ,Sony WH-1000XM5,https://images.unsplash.com/photo-1618366712010-f4ae9c647dcb?auto=format&fit=crop&w=800&q=80
エレクトロニクス,オーディオ,Bose QuietComfort,https://images.unsplash.com/photo-1546435770-a3e426bf472b?auto=format&fit=crop&w=800&q=80
エレクトロニクス,オーディオ,Sennheiser Momentum,https://images.unsplash.com/photo-1590658268037-6bf12165a8df?auto=format&fit=crop&w=800&q=80
エレクトロニクス,オーディオ,JBL Flip,https://images.unsplash.com/photo-1589256469067-ea99122bbdc4?auto=format&fit=crop&w=800&q=80
エレクトロニクス,オーディオ,Beats Solo,https://images.unsplash.com/photo-1577174881658-0f30ed549adc?auto=format&fit=crop&w=800&q=80
エレクトロニクス,オーディオ,Anker Soundcore,https://images.unsplash.com/photo-1608043152269-423dbba4e7e1?auto=format&fit=crop&w=800&q=80
エレクトロニクス,カメラ・映像,Canon EOS R8,https://images.unsplash.com/photo-1516035069371-29a1b244cc32?auto=format&fit=crop&w=800&q=80
エレクトロニクス,カメラ・映像,Sony A7R V,https://images.unsplash.com/photo-1516961642265-531546e84af2?auto=format&fit=crop&w=800&q=80
エレクトロニクス,カメラ・映像,DJI Mavic 3,https://images.unsplash.com/photo-1473968512647-3e447244af8f?auto=format&fit=crop&w=800&q=80
エレクトロニクス,カメラ・映像,Canon EOS M50,https://images.unsplash.com/photo-1502920917128-1aa500764cbd?auto=format&fit=crop&w=800&q=80
エレクトロニクス,カメラ・映像,Nikon Z50,https://images.unsplash.com/photo-1519638831568-d9897f54ed69?auto=format&fit=crop&w=800&q=80
エレクトロニクス,カメラ・映像,Insta360,https://images.unsplash.com/photo-1597075687490-8f673c6c17f6?auto=format&fit=crop&w=800&q=80
エレクトロニクス,アクセサリー (電子),ワイヤレス充電器,https://images.unsplash.com/photo-1615526675159-e248c3021d3f?auto=format&fit=crop&w=800&q=80
エレクトロニクス,アクセサリー (電子),Power Bank,https://images.unsplash.com/photo-1609091839311-d5365f9ff1c5?auto=format&fit=crop&w=800&q=80
エレクトロニクス,アクセサリー (電子),イヤホン変換アダプタ,https://images.unsplash.com/photo-1606220588913-b3aacb4d2f46?auto=format&fit=crop&w=800&q=80
エレクトロニクス,アクセサリー (電子),ノートパソコン冷却台,https://images.unsplash.com/photo-1593640408182-31c70c8268f5?auto=format&fit=crop&w=800&q=80
ビューティー,メイクアップ,ファンデーション,https://images.unsplash.com/photo-1631730486784-5456119f69ae?auto=format&fit=crop&w=800&q=80
ビューティー,メイクアップ,口紅,https://images.unsplash.com/photo-1586495777744-4413f21062fa?auto=format&fit=crop&w=800&q=80
ビューティー,メイクアップ,アイシャドウ パレット,https://images.unsplash.com/photo-1512496015851-a90fb38ba796?auto=format&fit=crop&w=800&q=80
ビューティー,メイクアップ,BBクリーム,https://images.unsplash.com/photo-1620916566398-39f1143ab7be?auto=format&fit=crop&w=800&q=80
ビューティー,メイクアップ,アイライナー,https://images.unsplash.com/photo-1597225244660-1cd128c64284?auto=format&fit=crop&w=800&q=80
ビューティー,メイクアップ,ブロンザー,https://images.unsplash.com/photo-1616683693504-3ea7e9ad6fec?auto=format&fit=crop&w=800&q=80
ビューティー,スキンケア,化粧水,https://images.unsplash.com/photo-1601049541289-9b1b7bbbfe19?auto=format&fit=crop&w=800&q=80
ビューティー,スキンケア,美容液,https://images.unsplash.com/photo-1620916566398-39f1143ab7be?auto=format&fit=crop&w=800&q=80
ビューティー,スキンケア,クリーム,https://images.unsplash.com/photo-1611930022073-b7a4ba5fcccd?auto=format&fit=crop&w=800&q=80
ビューティー,スキンケア,シートマスク,https://images.unsplash.com/photo-1596755389378-c31d21fd1273?auto=format&fit=crop&w=800&q=80
ビューティー,スキンケア,クレンジング,https://images.unsplash.com/photo-1556228578-0d85b1a4d571?auto=format&fit=crop&w=800&q=80
ビューティー,スキンケア,アイクリーム,https://images.unsplash.com/photo-1611930022073-b7a4ba5fcccd?auto=format&fit=crop&w=800&q=80
ビューティー,ヘアケア,シャンプー,https://images.unsplash.com/photo-1631729371254-42c2892f0e6e?auto=format&fit=crop&w=800&q=80
ビューティー,ヘアケア,コンディショナー,https://images.unsplash.com/photo-1535585209827-a15fcdbc4c2d?auto=format&fit=crop&w=800&q=80
ビューティー,ヘアケア,トリートメント,https://images.unsplash.com/photo-1620916297397-a4a5402a3c6c?auto=format&fit=crop&w=800&q=80
ビューティー,ヘアケア,ヘアパック,https://images.unsplash.com/photo-1580927752452-89d86da3fa0a?auto=format&fit=crop&w=800&q=80
ビューティー,ヘアケア,スカルプ シャンプー,https://images.unsplash.com/photo-1631729371254-42c2892f0e6e?auto=format&fit=crop&w=800&q=80
ビューティー,ヘアケア,カラートリートメント,https://images.unsplash.com/photo-1620916297397-a4a5402a3c6c?auto=format&fit=crop&w=800&q=80
ビューティー,ヘアケア,ヘアマスク,https://images.unsplash.com/photo-1580927752452-89d86da3fa0a?auto=format&fit=crop&w=800&q=80
ビューティー,ヘアケア,プレシャンプー,https://images.unsplash.com/photo-1631729371254-42c2892f0e6e?auto=format&fit=crop&w=800&q=80
ビューティー,ボディケア,ボディローション,https://images.unsplash.com/photo-1608248543803-ba4f8c70ae0b?auto=format&fit=crop&w=800&q=80
ビューティー,ボディケア,ボディバター,https://images.unsplash.com/photo-1601049541289-9b1b7bbbfe19?auto=format&fit=crop&w=800&q=80
ビューティー,ボディケア,ハンドクリーム,https://images.unsplash.com/photo-1611930022073-b7a4ba5fcccd?auto=format&fit=crop&w=800&q=80
ビューティー,ボディケア,ボディミスト,https://images.unsplash.com/photo-1601049541289-9b1b7bbbfe19?auto=format&fit=crop&w=800&q=80
ビューティー,香水・フレグランス,オードトワレ 30ml,https://images.unsplash.com/photo-1594035910387-fea47794261f?auto=format&fit=crop&w=800&q=80
ビューティー,香水・フレグランス,オードパルファム 50ml,https://images.unsplash.com/photo-1541643600914-78b084683601?auto=format&fit=crop&w=800&q=80
ビューティー,香水・フレグランス,香水 100ml,https://images.unsplash.com/photo-1523293182086-7651a899d37f?auto=format&fit=crop&w=800&q=80
ビューティー,香水・フレグランス,ボディスプレー,https://images.unsplash.com/photo-1601049541289-9b1b7bbbfe19?auto=format&fit=crop&w=800&q=80
ビューティー,香水・フレグランス,ハンドクリーム香水,https://images.unsplash.com/photo-1611930022073-b7a4ba5fcccd?auto=format&fit=crop&w=800&q=80
ビューティー,香水・フレグランス,ルームフレグランス,https://images.unsplash.com/photo-1589156229687-496a31ad1d1f?auto=format&fit=crop&w=800&q=80
ビューティー,香水・フレグランス,ディフューザー,https://images.unsplash.com/photo-1602928321679-560bb453f190?auto=format&fit=crop&w=800&q=80
ビューティー,香水・フレグランス,香りキャンドル,https://images.unsplash.com/photo-1602928321679-560bb453f190?auto=format&fit=crop&w=800&q=80
ビューティー,香水・フレグランス,タロニック,https://images.unsplash.com/photo-1594035910387-fea47794261f?auto=format&fit=crop&w=800&q=80
ホームアンドリビング,家具,ソファ,https://images.unsplash.com/photo-1555041469-a586c61ea9bc?auto=format&fit=crop&w=800&q=80
ホームアンドリビング,家具,テーブル,https://images.unsplash.com/photo-1577140917170-285929fb55b7?auto=format&fit=crop&w=800&q=80
ホームアンドリビング,家具,椅子,https://images.unsplash.com/photo-1598300042247-d088f8ab3a91?auto=format&fit=crop&w=800&q=80
ホームアンドリビング,家具,デスク,https://images.unsplash.com/photo-1518455027359-f3f8164ba6bd?auto=format&fit=crop&w=800&q=80
ホームアンドリビング,家具,本棚,https://images.unsplash.com/photo-1594620302200-9a762244a156?auto=format&fit=crop&w=800&q=80
ホームアンドリビング,家具,キャビネット,https://images.unsplash.com/photo-1595428774223-ef52624120d2?auto=format&fit=crop&w=800&q=80
ホームアンドリビング,家具,ラック,https://images.unsplash.com/photo-1595428774223-ef52624120d2?auto=format&fit=crop&w=800&q=80
ホームアンドリビング,家具,チェスト,https://images.unsplash.com/photo-1595428774223-ef52624120d2?auto=format&fit=crop&w=800&q=80
ホームアンドリビング,家具,コーヒーテーブル,https://images.unsplash.com/photo-1533090481720-856c6e3c1fdc?auto=format&fit=crop&w=800&q=80
ホームアンドリビング,寝具,マットレス,https://images.unsplash.com/photo-1631049307264-da0ec9d70304?auto=format&fit=crop&w=800&q=80
ホームアンドリビング,寝具,敷布団,https://images.unsplash.com/photo-1631049307264-da0ec9d70304?auto=format&fit=crop&w=800&q=80
ホームアンドリビング,キッチン用品,包丁,https://images.unsplash.com/photo-1593618998160-e34014e67546?auto=format&fit=crop&w=800&q=80
ホームアンドリビング,キッチン用品,まな板,https://images.unsplash.com/photo-1591154669695-5f2a8d20c089?auto=format&fit=crop&w=800&q=80
ホームアンドリビング,キッチン用品,グラスセット,https://images.unsplash.com/photo-1514362545857-3bc16c4c7d1b?auto=format&fit=crop&w=800&q=80
ホームアンドリビング,キッチン用品,マグカップ,https://images.unsplash.com/photo-1514228742587-6b1558fcca3d?auto=format&fit=crop&w=800&q=80
ホームアンドリビング,キッチン用品,シリコンスパチュラ,https://images.unsplash.com/photo-1590794056226-79ef3a8147e1?auto=format&fit=crop&w=800&q=80
ホームアンドリビング,キッチン用品,計量スプーン,https://images.unsplash.com/photo-1590794056226-79ef3a8147e1?auto=format&fit=crop&w=800&q=80
ホームアンドリビング,インテリア雑貨,壁装飾,https://images.unsplash.com/photo-1513519245088-0e12902e5a38?auto=format&fit=crop&w=800&q=80
ホームアンドリビング,インテリア雑貨,観葉植物,https://images.unsplash.com/photo-1485955900006-10f4d324d411?auto=format&fit=crop&w=800&q=80
ホームアンドリビング,インテリア雑貨,フォトフレーム,https://images.unsplash.com/photo-1583847268964-b28dc8f51f92?auto=format&fit=crop&w=800&q=80
ホームアンドリビング,インテリア雑貨,キャンドル,https://images.unsplash.com/photo-1602928321679-560bb453f190?auto=format&fit=crop&w=800&q=80
ホームアンドリビング,インテリア雑貨,ミラー,https://images.unsplash.com/photo-1618220179428-22790b461013?auto=format&fit=crop&w=800&q=80
ホームアンドリビング,インテリア雑貨,オットマン,https://images.unsplash.com/photo-1555041469-a586c61ea9bc?auto=format&fit=crop&w=800&q=80
ホームアンドリビング,インテリア雑貨,テーブルランナー,https://images.unsplash.com/photo-1577140917170-285929fb55b7?auto=format&fit=crop&w=800&q=80
ホームアンドリビング,照明,LED電球,https://images.unsplash.com/photo-1550989460-0adf9ea622e2?auto=format&fit=crop&w=800&q=80
ホームアンドリビング,照明,ストリップライト,https://images.unsplash.com/photo-1550989460-0adf9ea622e2?auto=format&fit=crop&w=800&q=80
ホームアンドリビング,照明,スマート照明,https://images.unsplash.com/photo-1550989460-0adf9ea622e2?auto=format&fit=crop&w=800&q=80
スポーツアウトドア,スポーツシューズ,ナイキ エア マックス,https://images.unsplash.com/photo-1542291026-7eec264c27ff?auto=format&fit=crop&w=800&q=80
スポーツアウトドア,スポーツシューズ,アディダス ウルトラブースト,https://images.unsplash.com/photo-1587563871167-1ee9c731aefb?auto=format&fit=crop&w=800&q=80
スポーツアウトドア,スポーツシューズ,プーマ RS-X,https://images.unsplash.com/photo-1608231387042-66d1773070a5?auto=format&fit=crop&w=800&q=80
スポーツアウトドア,スポーツシューズ,アシックス ゲルライト,https://images.unsplash.com/photo-1560769629-975ec94e6a86?auto=format&fit=crop&w=800&q=80
スポーツアウトドア,スポーツシューズ,ニューバランス 990v6,https://images.unsplash.com/photo-1539185441755-769473a23570?auto=format&fit=crop&w=800&q=80
スポーツアウトドア,スポーツシューズ,コンバース オールスター,https://images.unsplash.com/photo-1491553895911-0055eca6402d?auto=format&fit=crop&w=800&q=80
スポーツアウトドア,スポーツシューズ,バンズ オールドスクール,https://images.unsplash.com/photo-1525966222134-fcfa99b8ae77?auto=format&fit=crop&w=800&q=80
スポーツアウトドア,スポーツシューズ,リーボック クラシック,https://images.unsplash.com/photo-1542291026-7eec264c27ff?auto=format&fit=crop&w=800&q=80
スポーツアウトドア,スポーツシューズ,アディダス スタンスミス,https://images.unsplash.com/photo-1587563871167-1ee9c731aefb?auto=format&fit=crop&w=800&q=80
スポーツアウトドア,スポーツウェア,ナイキ Tシャツ,https://images.unsplash.com/photo-1519457431-44ccd64a579b?auto=format&fit=crop&w=800&q=80
スポーツアウトドア,スポーツウェア,ナイキ レギンス,https://images.unsplash.com/photo-1506619216599-9d16d0903dfd?auto=format&fit=crop&w=800&q=80
スポーツアウトドア,スポーツウェア,アディダス ショーツ,https://images.unsplash.com/photo-1539185441755-769473a23570?auto=format&fit=crop&w=800&q=80
スポーツアウトドア,スポーツウェア,プーマ ジャージ,https://images.unsplash.com/photo-1515886657613-9f3515b0c78f?auto=format&fit=crop&w=800&q=80
スポーツアウトドア,スポーツウェア,アンダーアーマー コンプレッション,https://images.unsplash.com/photo-1519457431-44ccd64a579b?auto=format&fit=crop&w=800&q=80
スポーツアウトドア,スポーツウェア,ナイキ ランニングシャツ,https://images.unsplash.com/photo-1519457431-44ccd64a579b?auto=format&fit=crop&w=800&q=80
スポーツアウトドア,スポーツウェア,アディダス ジャケット,https://images.unsplash.com/photo-1546552356-3fae876a61ca?auto=format&fit=crop&w=800&q=80
スポーツアウトドア,スポーツウェア,プーマ スポーツウェア,https://images.unsplash.com/photo-1515886657613-9f3515b0c78f?auto=format&fit=crop&w=800&q=80
スポーツアウトドア,スポーツウェア,ユニクロ スポーツウェア,https://images.unsplash.com/photo-1519457431-44ccd64a579b?auto=format&fit=crop&w=800&q=80
スポーツアウトドア,フィットネス機器,ダンベル セット,https://images.unsplash.com/photo-1584735935682-2f2b69dff9d2?auto=format&fit=crop&w=800&q=80
スポーツアウトドア,フィットネス機器,トレッドミル,https://images.unsplash.com/photo-1576678927484-cc907957088c?auto=format&fit=crop&w=800&q=80
スポーツアウトドア,フィットネス機器,エクササイズバイク,https://images.unsplash.com/photo-1576678927484-cc907957088c?auto=format&fit=crop&w=800&q=80
スポーツアウトドア,フィットネス機器,プッシュアップバー,https://images.unsplash.com/photo-1584735935682-2f2b69dff9d2?auto=format&fit=crop&w=800&q=80
スポーツアウトドア,フィットネス機器,トレーニングロープ,https://images.unsplash.com/photo-1534438327276-14e5300c3a48?auto=format&fit=crop&w=800&q=80
スポーツアウトドア,フィットネス機器,バランスボール,https://images.unsplash.com/photo-1518611012118-696072aa579a?auto=format&fit=crop&w=800&q=80
スポーツアウトドア,フィットネス機器,レジスタンスバンド,https://images.unsplash.com/photo-1518611012118-696072aa579a?auto=format&fit=crop&w=800&q=80
スポーツアウトドア,フィットネス機器,ケトルベル,https://images.unsplash.com/photo-1584735935682-2f2b69dff9d2?auto=format&fit=crop&w=800&q=80
スポーツアウトドア,フィットネス機器,腹筋ローラー,https://images.unsplash.com/photo-1517836357463-d25dfeac3438?auto=format&fit=crop&w=800&q=80
スポーツアウトドア,アウトドア装備,テント,https://images.unsplash.com/photo-1478131143081-80f7f84ca84d?auto=format&fit=crop&w=800&q=80
スポーツアウトドア,アウトドア装備,寝袋,https://images.unsplash.com/photo-1526725702345-bdda2b97ef73?auto=format&fit=crop&w=800&q=80
スポーツアウトドア,アウトドア装備,バックパック,https://images.unsplash.com/photo-1553062407-98eeb64c6a62?auto=format&fit=crop&w=800&q=80
スポーツアウトドア,アウトドア装備,双眼鏡,https://images.unsplash.com/photo-1519074069444-1ba4fff66d16?auto=format&fit=crop&w=800&q=80
スポーツアウトドア,アウトドア装備,懐中電灯,https://images.unsplash.com/photo-1519074069444-1ba4fff66d16?auto=format&fit=crop&w=800&q=80
スポーツアウトドア,アウトドア装備,キャリーマット,https://images.unsplash.com/photo-1526725702345-bdda2b97ef73?auto=format&fit=crop&w=800&q=80
スポーツアウトドア,アウトドア装備,キャンプストーブ,https://images.unsplash.com/photo-1478131143081-80f7f84ca84d?auto=format&fit=crop&w=800&q=80
スポーツアウトドア,アウトドア装備,ハイキングポール,https://images.unsplash.com/photo-1551632811-561732d1e306?auto=format&fit=crop&w=800&q=80
スポーツアウトドア,スポーツ用品,バスケットボール,https://images.unsplash.com/photo-1518063319789-7217e6706b04?auto=format&fit=crop&w=800&q=80
スポーツアウトドア,スポーツ用品,サッカーボール,https://images.unsplash.com/photo-1579952363873-27f3bade9f55?auto=format&fit=crop&w=800&q=80
スポーツアウトドア,スポーツ用品,バドミントンラケット,https://images.unsplash.com/photo-1613918108466-292b78a8ef95?auto=format&fit=crop&w=800&q=80
スポーツアウトドア,スポーツ用品,ゴルフクラブセット,https://images.unsplash.com/photo-1535131749006-b7f58c99034b?auto=format&fit=crop&w=800&q=80
スポーツアウトドア,スポーツ用品,サーフボード,https://images.unsplash.com/photo-1502680390469-be75c86b636f?auto=format&fit=crop&w=800&q=80
